id,new,alive,request,resolve,url,subdomain,level,cname,ip,public,cdn,port,status,reason,title,banner,cidr,asn,org,addr,isp,source
1,0,1,1,1,http://api.gyrjcs.com,api.gyrjcs.com,1,api.gyrjcs.com,47.242.61.55,1,0,80,404,Not Found,'',nginx,,,,,,Brute
2,0,1,1,1,https://api.gyrjcs.com,api.gyrjcs.com,1,api.gyrjcs.com,47.242.61.55,1,1,443,200,OK,抱歉，站点已暂停,nginx,,,,,,Brute
3,1,1,1,1,https://cs.gyrjcs.com,cs.gyrjcs.com,1,cs.gyrjcs.com,69.165.64.226,1,0,443,401,Unauthorized,401 Unauthorized,Apache,,,,,,Brute
4,1,1,1,1,http://cs.gyrjcs.com,cs.gyrjcs.com,1,cs.gyrjcs.com,69.165.64.226,1,1,80,200,OK,登录,"Apache/2.2.22 (Win32) mod_fcgid/2.3.6 mod_jk/1.2.33,ThinkPHP",,,,,,Brute
5,0,1,1,1,https://dz.gyrjcs.com,dz.gyrjcs.com,1,dz.gyrjcs.com,119.8.116.65,1,1,443,200,OK,' ',Apache/2.4.46 (Win32) OpenSSL/1.1.1g mod_fcgid/2.3.9a,,,,,,Brute
6,0,1,1,1,http://dz.gyrjcs.com,dz.gyrjcs.com,1,dz.gyrjcs.com,119.8.116.65,1,1,80,200,OK,登录,"Apache/2.4.46 (Win32) OpenSSL/1.1.1g mod_fcgid/2.3.9a,thinkphp-bjyadmin",,,,,,Brute
7,0,1,1,1,https://g1104.gyrjcs.com,g1104.gyrjcs.com,1,g1104.gyrjcs.com,119.8.100.250,1,1,443,200,OK,'',"Apache/2.4.46 (Win32) OpenSSL/1.1.1g mod_fcgid/2.3.9a,PHP/5.6.40",119.8.96.0/19,AS136907,HUAWEI CLOUDS,中国香港,电信,AlienVaultQuery
8,0,1,1,1,http://g1104.gyrjcs.com,g1104.gyrjcs.com,1,g1104.gyrjcs.com,119.8.100.250,1,1,80,200,OK,'',"Apache/2.4.46 (Win32) OpenSSL/1.1.1g mod_fcgid/2.3.9a,PHP/5.6.40",119.8.96.0/19,AS136907,HUAWEI CLOUDS,中国香港,电信,AlienVaultQuery
9,0,1,1,1,https://g1105.gyrjcs.com,g1105.gyrjcs.com,1,g1105.gyrjcs.com,69.165.64.226,1,0,443,401,Unauthorized,401 Unauthorized,Apache,69.165.64.0/24,AS62468,VPSQUAN,中国香港,未知,IP138Query
10,0,1,1,1,http://g1105.gyrjcs.com,g1105.gyrjcs.com,1,g1105.gyrjcs.com,69.165.64.226,1,1,80,200,OK,Login,"Apache/2.2.22 (Win32) mod_fcgid/2.3.6 mod_jk/1.2.33,ThinkPHP",69.165.64.0/24,AS62468,VPSQUAN,中国香港,未知,IP138Query
11,0,1,1,1,https://g1117.gyrjcs.com,g1117.gyrjcs.com,1,g1117.gyrjcs.com,69.165.64.226,1,0,443,401,Unauthorized,401 Unauthorized,Apache,69.165.64.0/24,AS62468,VPSQUAN,中国香港,未知,IP138Query
12,0,1,1,1,http://g1117.gyrjcs.com,g1117.gyrjcs.com,1,g1117.gyrjcs.com,69.165.64.226,1,1,80,200,OK,TELE TRADE,"Apache/2.2.22 (Win32) mod_fcgid/2.3.6 mod_jk/1.2.33,PHP/5.6.30",69.165.64.0/24,AS62468,VPSQUAN,中国香港,未知,IP138Query
13,1,1,1,1,https://g113.gyrjcs.com,g113.gyrjcs.com,1,g113.gyrjcs.com,119.8.116.65,1,1,443,200,OK,' ',Apache/2.4.46 (Win32) OpenSSL/1.1.1g mod_fcgid/2.3.9a,119.8.96.0/19,AS136907,HUAWEI CLOUDS,中国香港,电信,CertSpotterQuery
14,1,1,1,1,http://g113.gyrjcs.com,g113.gyrjcs.com,1,g113.gyrjcs.com,119.8.116.65,1,1,80,200,OK,' ',Apache/2.4.46 (Win32) OpenSSL/1.1.1g mod_fcgid/2.3.9a,119.8.96.0/19,AS136907,HUAWEI CLOUDS,中国香港,电信,CertSpotterQuery
15,0,1,1,1,https://g19624.gyrjcs.com,g19624.gyrjcs.com,1,"g19624.gyrjcs.com,g19624.gyrjcs.com","69.165.64.226,47.242.61.55","1,1",0,443,401,Unauthorized,401 Unauthorized,Apache,"69.165.64.0/24,47.242.0.0/15","AS62468,AS-","VPSQUAN,-","中国香港,美国加利福尼亚圣克拉拉","未知,阿里巴巴",IP138Query
16,0,1,1,1,http://g19624.gyrjcs.com,g19624.gyrjcs.com,1,"g19624.gyrjcs.com,g19624.gyrjcs.com","69.165.64.226,47.242.61.55","1,1",0,80,200,OK,QLC,"Apache/2.2.22 (Win32) mod_fcgid/2.3.6 mod_jk/1.2.33,PHP/5.6.30","69.165.64.0/24,47.242.0.0/15","AS62468,AS-","VPSQUAN,-","中国香港,美国加利福尼亚圣克拉拉","未知,阿里巴巴",IP138Query
17,0,1,1,1,https://g620.gyrjcs.com,g620.gyrjcs.com,1,"g620.gyrjcs.com,g620.gyrjcs.com","69.165.64.226,47.242.61.55","1,1",0,443,401,Unauthorized,401 Unauthorized,Apache,"69.165.64.0/24,47.242.0.0/15","AS62468,AS-","VPSQUAN,-","中国香港,美国加利福尼亚圣克拉拉","未知,阿里巴巴",IP138Query
18,0,1,1,1,http://g620.gyrjcs.com,g620.gyrjcs.com,1,"g620.gyrjcs.com,g620.gyrjcs.com","69.165.64.226,47.242.61.55","1,1",1,80,200,OK,Title,"Apache/2.2.22 (Win32) mod_fcgid/2.3.6 mod_jk/1.2.33,ThinkPHP","69.165.64.0/24,47.242.0.0/15","AS62468,AS-","VPSQUAN,-","中国香港,美国加利福尼亚圣克拉拉","未知,阿里巴巴",IP138Query
19,0,1,1,1,http://jz.gyrjcs.com,jz.gyrjcs.com,1,jz.gyrjcs.com,159.138.7.2,1,1,80,200,OK,千秋人脉,"Apache/2.4.41 (Win32) OpenSSL/1.1.1c mod_fcgid/2.3.9a,ThinkPHP",159.138.0.0/20,AS136907,HUAWEI CLOUDS,中国香港,未知,NetCraftQuery
20,0,1,1,1,https://jz.gyrjcs.com,jz.gyrjcs.com,1,jz.gyrjcs.com,159.138.7.2,1,1,443,200,OK,方容商贸,"Apache/2.4.41 (Win32) OpenSSL/1.1.1c mod_fcgid/2.3.9a,ThinkPHP",159.138.0.0/20,AS136907,HUAWEI CLOUDS,中国香港,未知,NetCraftQuery
21,0,1,1,1,http://l1202.gyrjcs.com,l1202.gyrjcs.com,1,l1202.gyrjcs.com,119.8.116.65,1,1,80,200,OK,登录,"Apache/2.4.46 (Win32) OpenSSL/1.1.1g mod_fcgid/2.3.9a,ThinkPHP",119.8.96.0/19,AS136907,HUAWEI CLOUDS,中国香港,电信,AlienVaultQuery
22,0,1,1,1,https://l1202.gyrjcs.com,l1202.gyrjcs.com,1,l1202.gyrjcs.com,119.8.116.65,1,1,443,200,OK,登录,"Apache/2.4.46 (Win32) OpenSSL/1.1.1g mod_fcgid/2.3.9a,ThinkPHP",119.8.96.0/19,AS136907,HUAWEI CLOUDS,中国香港,电信,AlienVaultQuery
23,0,0,0,1,https://nc.gyrjcs.com,nc.gyrjcs.com,1,nc.gyrjcs.com,154.221.21.211,1,0,443,,"(ProtocolError('Connection aborted.', ConnectionResetError(54, 'Connection reset by peer')),)",,,,,,,,Brute
24,0,1,1,1,http://nc.gyrjcs.com,nc.gyrjcs.com,1,nc.gyrjcs.com,154.221.21.211,1,0,80,404,Not Found,'您要找的资源已被删除、已更名或暂时不可用。',"Microsoft-IIS/7.5,ASP.NET",,,,,,Brute
25,0,1,1,1,http://t1012.gyrjcs.com,t1012.gyrjcs.com,1,t1012.gyrjcs.com,119.8.100.250,1,1,80,200,OK,Test Page for Apache Installation,Apache/2.4.46 (Win32) OpenSSL/1.1.1g mod_fcgid/2.3.9a,119.8.96.0/19,AS136907,HUAWEI CLOUDS,中国香港,电信,AlienVaultQuery
26,0,1,1,1,https://t1012.gyrjcs.com,t1012.gyrjcs.com,1,t1012.gyrjcs.com,119.8.100.250,1,1,443,200,OK,抱歉，站点已暂停,Apache/2.4.46 (Win32) OpenSSL/1.1.1g mod_fcgid/2.3.9a,119.8.96.0/19,AS136907,HUAWEI CLOUDS,中国香港,电信,AlienVaultQuery
27,0,1,1,1,https://tl.gyrjcs.com,tl.gyrjcs.com,1,tl.gyrjcs.com,47.242.61.55,1,1,443,200,OK,抱歉，站点已暂停,nginx,,,,,,Brute
28,0,1,1,1,http://tl.gyrjcs.com,tl.gyrjcs.com,1,tl.gyrjcs.com,47.242.61.55,1,1,80,200,OK,登录,nginx,,,,,,Brute
29,0,1,1,1,http://vp.gyrjcs.com,vp.gyrjcs.com,1,vp.gyrjcs.com,159.138.7.2,1,1,80,200,OK,Login,"Apache/2.4.41 (Win32) OpenSSL/1.1.1c mod_fcgid/2.3.9a,ThinkPHP",,,,,,Brute
30,0,1,1,1,https://vp.gyrjcs.com,vp.gyrjcs.com,1,vp.gyrjcs.com,159.138.7.2,1,1,443,200,OK,方容商贸,"Apache/2.4.41 (Win32) OpenSSL/1.1.1c mod_fcgid/2.3.9a,ThinkPHP",,,,,,Brute
31,0,1,1,1,https://zj1106.gyrjcs.com,zj1106.gyrjcs.com,1,zj1106.gyrjcs.com,159.138.52.233,1,1,443,200,OK,集品,"Apache,ThinkPHP",159.138.48.0/20,AS136907,HUAWEI CLOUDS,中国香港,未知,BaiduSearch
32,0,1,1,1,http://zj1106.gyrjcs.com,zj1106.gyrjcs.com,1,zj1106.gyrjcs.com,159.138.52.233,1,1,80,200,OK,首页,"Apache,ThinkPHP",159.138.48.0/20,AS136907,HUAWEI CLOUDS,中国香港,未知,BaiduSearch
33,0,1,1,1,https://zj1217.gyrjcs.com,zj1217.gyrjcs.com,1,zj1217.gyrjcs.com,69.165.64.226,1,0,443,401,Unauthorized,401 Unauthorized,Apache,69.165.64.0/24,AS62468,VPSQUAN,中国香港,未知,IP138Query
34,0,1,1,1,http://zj1217.gyrjcs.com,zj1217.gyrjcs.com,1,zj1217.gyrjcs.com,69.165.64.226,1,1,80,200,OK,利鑫资本,"Apache/2.2.22 (Win32) mod_fcgid/2.3.6 mod_jk/1.2.33,PHP/5.6.30",69.165.64.0/24,AS62468,VPSQUAN,中国香港,未知,IP138Query
35,1,0,0,1,https://zy.gyrjcs.com,zy.gyrjcs.com,1,zy.gyrjcs.com,154.221.21.211,1,0,443,,"(MaxRetryError(""HTTPSConnectionPool(host='zy.gyrjcs.com', port=443): Max retries exceeded with url: / (Caused by NewConnectionError('<urllib3.connection.HTTPSConnection object at 0x7ff9dbfe74c0>: Failed to establish a new connection: [Errno 61] Connection refused'))""),)",,,,,,,,Brute
36,1,1,1,1,http://zy.gyrjcs.com,zy.gyrjcs.com,1,zy.gyrjcs.com,154.221.21.211,1,1,80,200,OK,IIS7,"Microsoft-IIS/7.5,ASP.NET",,,,,,Brute
